id,pos
1,pron
2,pron
3,pron
4,pron
5,pron
6,pron
7,intj
8,intj
13,intj
14,intj
18,intj
20,intj
23,intj
25,intj
26,intj
27,intj
28,intj
29,intj
37,intj
38,part
40,intj
41,intj
42,n
43,n
46,n
47,n
48,num
49,num
50,num
51,num
52,num
53,num
54,num
55,num
56,num
57,num
58,num
62,num
66,num
70,num
74,num
78,num
82,num
86,num
95,num
99,num
100,num
101,num
102,num
103,num
104,num
105,num
106,num
107,num
108,num
109,num
110,num
111,n
119,n
121,n
123,n
126,n
128,n
129,n
131,n
132,n
133,n
134,n
140,n
141,n
142,n
145,n
150,n
151,n
301,n
303,n
304,n
305,adj
306,adj
308,adj
309,adj
310,adj
311,adj
313,adj
323,adj
327,adj
328,adj
329,adj
333,pron
334,pron
335,pron
336,pron
337,pron
338,pron
339,pron
342,pron
343,pron
344,pron
345,pron
349,pron
350,pron
351,pron
352,post
353,post
354,post
355,post
356,post
360,adv
362,post
369,adv
370,adv
371,post
374,adj
375,adv
376,adv
377,adj
378,adv
379,adv
380,adv
381,adj
382,adv
383,adv
384,adv
385,adv
386,n
387,adv
388,adv
390,adv
391,adv
392,adv
396,adv
397,adv
398,adv
399,adv
400,adv
401,adv
403,adv
404,adv
406,adv
407,adv
409,adv
410,adv
411,adv
413,part
415,pron
416,pron
420,pron
421,pron
424,adj
426,adv
427,conj
428,part
429,pron
430,adv
431,adv
432,conj
433,conj
434,conj
435,post
437,part
438,adv
440,adv
442,adv
446,adv
447,n
448,pron
449,adv
452,part
453,adv
454,adv
455,adv
456,part
457,post
458,post
459,pron
460,adv
461,n
462,n
463,n
464,n
465,n
466,n
467,n
468,adv
469,adv
470,adv
471,adv
473,n
481,adv
484,n
487,adj
491,n
492,adv
495,n
496,adv
497,n
498,adv
500,n
501,n
502,n
505,n
510,adv
523,adv
524,adv
528,n
529,n
530,n
531,n
532,n
533,n
534,n
535,n
536,n
537,n
538,n
539,n
540,n
541,adv
542,adj
543,n
544,adv
545,adj
546,n
547,adv
548,adj
549,n
550,adv
551,adj
552,n
561,adj
565,n
579,n
580,n
583,n
584,n
585,n
586,n
587,n
590,n
591,n
592,n
594,n
595,n
596,n
597,adj
599,n
600,adj
602,adv
603,post
604,adv
605,adv
606,adv
607,adv
608,adv
610,adv
611,n
612,n
613,n
614,adv
616,adv
617,adv
618,adv
622,adv
623,adj
624,adj
625,adv
626,adv
628,adj
629,adj
630,adj
631,adj
632,adj
633,adj
634,adv
635,adv
636,adj
637,adj
638,adj
639,adj
640,adv
641,adv
643,adv
644,adj
645,adj
646,adj
647,adj
648,part
649,part
650,adj
651,adj
653,adv
654,adj
655,adj
656,adj
657,adj
658,adj
659,adj
662,n
663,n
667,adj
668,n
669,n
672,adj
673,adj
674,n
675,n
678,adj
679,adj
682,adj
683,adj
684,adj
685,adj
686,adj
687,adj
688,adj
689,adj
690,adj
691,adj
692,adj
693,adj
694,adj
695,adj
696,n
697,adj
698,n
699,adj
700,n
701,adj
702,n
703,adj
706,n
707,n
708,n
709,n
710,n
711,n
712,n
713,n
714,n
715,n
716,n
717,n
718,adj
719,adj
720,n
721,adj
722,n
723,n
726,adj
727,n
728,n
730,n
731,n
732,n
733,n
734,n
735,n
736,n
737,n
738,n
739,n
740,n
741,n
742,n
743,n
744,n
745,n
746,n
747,n
748,n
749,n
750,n
751,n
752,n
753,n
754,n
756,n
757,n
758,n
759,n
760,n
762,n
765,n
766,n
767,n
768,adj
770,adj
771,adj
773,n
774,n
775,n
776,n
777,n
778,n
779,n
780,n
781,n
782,n
783,n
784,n
785,n
786,n
787,n
788,n
789,n
790,n
791,n
792,n
793,n
794,n
795,n
796,n
797,n
798,n
800,n
801,n
802,n
803,n
804,n
805,n
806,adj
807,n
808,adj
809,n
810,adj
811,n
812,adj
813,n
814,adj
815,n
816,adj
817,n
818,adj
819,n
820,adj
821,n
822,n
823,n
824,n
825,n
826,adj
827,n
828,adj
829,n
830,adj
831,n
832,adj
833,n
835,adj
837,adj
839,adj
840,n
841,adj
842,n
843,adj
844,n
845,adj
846,n
847,adj
848,n
849,n
850,n
851,n
852,n
853,n
854,n
855,n
856,n
857,n
860,n
861,n
862,n
863,n
864,n
865,n
866,n
867,n
868,n
869,n
870,n
872,n
873,n
875,n
876,n
877,n
878,n
879,n
880,n
882,n
883,n
884,n
885,n
886,n
887,n
889,n
890,n
891,n
892,n
893,n
894,n
895,n
896,n
897,n
898,n
900,n
901,n
902,n
903,n
904,n
905,n
907,n
908,n
909,n
910,n
911,n
912,n
913,n
914,n
916,n
918,n
920,n
921,n
922,other
925,adj
927,adj
929,n
930,n
931,n
932,n
935,n
936,n
937,n
938,n
939,n
941,n
942,n
943,n
945,n
946,n
947,n
948,n
949,n
950,n
951,n
952,n
953,n
954,n
955,n
956,n
957,n
958,n
959,n
960,n
962,n
963,n
966,n
967,n
969,n
970,n
971,n
973,n
974,n
975,n
976,n
977,n
979,n
980,n
982,n
983,n
984,n
986,n
987,n
988,n
989,n
990,n
991,n
992,n
993,n
994,n
995,n
996,n
998,n
999,n
1001,n
1002,n
1003,n
1004,n
1005,n
1006,n
1007,n
1008,n
1009,n
1010,n
1011,n
1012,n
1014,n
1015,n
1016,n
1017,n
1018,n
1019,n
1020,n
1021,n
1022,n
1023,n
1024,n
1025,n
1026,n
1027,n
1029,n
1030,n
1031,n
1032,n
1033,other
1036,n
1037,adj
1038,n
1039,adj
1040,n
1041,adj
1042,n
1043,adj
1044,n
1045,n
1046,n
1047,n
1048,adj
1049,n
1050,adj
1051,n
1052,adj
1053,n
1054,adj
1055,n
1057,n
1058,n
1059,n
1060,n
1061,n
1062,n
1063,n
1064,n
1066,n
1067,n
1068,n
1072,n
1073,n
1074,n
1076,n
1077,n
1078,adj
1079,n
1080,n
1081,n
1082,adj
1083,n
1084,n
1085,n
1086,n
1088,n
1091,other
1093,n
1094,n
1095,n
1096,n
1098,n
1099,other
1100,other
1101,n
1105,n
1108,n
1109,n
1110,n
1113,n
1114,n
1115,n
1116,n
1117,other
1118,n
1119,n
1120,n
1121,n
1123,n
1124,n
1125,n
1126,n
1133,n
1134,n
1138,adj
1139,adj
1140,n
1142,n
1144,adj
1145,n
1146,n
1148,n
1149,n
1150,n
1151,n
1152,n
1153,n
1154,n
1155,n
1157,n
1158,n
1159,n
1160,n
1163,n
1164,n
1172,n
1173,n
1175,n
1176,n
1177,n
1178,n
1179,n
1181,n
1186,n
1187,n
1188,n
1189,n
1190,n
1192,n
1194,n
1195,n
1197,n
1198,n
1201,n
1203,n
1204,n
1205,n
1206,n
1207,n
1208,n
1209,n
1210,n
1212,n
1213,n
1214,n
1215,n
1216,n
1217,n
1218,n
1219,n
1220,n
1221,n
1222,n
1223,n
1224,n
1225,n
1226,n
1227,n
1228,n
1229,n
1232,n
1233,n
1235,n
1237,n
1238,n
1240,n
1242,n
1243,n
1244,n
1246,n
1247,n
1249,n
1252,adj
1253,adj
1254,adj
1255,n
1256,adj
1257,adj
1260,n
1262,n
1265,n
1267,n
1268,n
1269,n
1270,n
1271,n
1272,n
1273,n
1279,n
1281,n
1285,n
1288,n
1291,n
1292,n
1293,n
1294,n
1295,n
1296,n
1297,n
1298,n
1299,n
1300,n
1303,n
1304,n
1305,n
1306,n
1307,n
1308,n
1309,n
1310,n
1311,n
1312,n
1313,n
1314,n
1316,n
1317,n
1318,n
1319,n
1320,n
1321,n
1322,n
1323,n
1324,n
1325,n
1326,n
1327,n
1328,n
1329,n
1330,n
1331,n
1332,n
1333,n
1334,n
1335,n
1336,n
1337,n
1338,n
1339,n
1340,n
1341,n
1342,n
1343,n
1346,n
1347,n
1348,n
1349,n
1350,n
1351,n
1352,n
1353,n
1354,n
1357,n
1360,n
1361,n
1362,adj
1363,n
1364,n
1365,n
1366,n
1367,n
1368,n
1369,n
1370,n
1372,n
1373,n
1375,n
1376,n
1377,n
1378,n
1380,n
1382,n
1383,n
1384,n
1385,n
1386,n
1387,n
1389,n
1390,n
1392,adj
1393,adj
1394,adj
1395,adj
1396,adj
1397,adj
1398,adj
1399,adj
1401,adj
1402,adj
1403,adj
1411,n
1414,adj
1418,n
1419,n
1420,n
1421,n
1422,n
1423,n
1424,n
1425,n
1426,n
1427,n
1428,n
1429,n
1430,n
1432,n
1433,n
1434,n
1435,n
1437,n
1439,n
1443,n
1450,adj
1453,n
1456,n
1457,n
1458,n
1459,n
1460,adj
1461,n
1462,n
1463,n
1464,n
1465,n
1466,n
1467,n
1468,n
1469,n
1471,n
1473,n
1475,n
1476,n
1477,n
1479,n
1480,n
1481,n
1482,n
1485,n
1488,n
1489,n
1490,n
1491,n
1494,n
1495,n
1496,n
1499,n
1501,n
1502,n
1503,n
1504,n
1505,n
1506,n
1507,n
1508,n
1509,n
1515,n
1516,n
1518,n
1519,n
1521,n
1522,n
1523,n
1526,n
1527,n
1528,n
1529,n
1530,n
1531,n
1532,n
1533,n
1534,n
1535,n
1536,n
1537,n
1538,n
1541,n
1542,n
1543,n
1544,n
1545,n
1546,n
1547,n
1550,adj
1551,n
1552,adj
1553,n
1554,n
1555,n
1558,n
1559,n
1560,n
1563,n
1564,n
1565,n
1567,n
1568,n
1569,n
1570,n
1571,n
1572,n
1573,n
1574,n
1575,n
1576,n
1577,n
1578,n
1579,n
1581,n
1582,n
1583,adj
1584,adj
1585,adj
1586,adj
1590,adj
1591,adj
1597,adj
1598,adj
1599,adj
1601,n
1602,adj
1603,adj
1604,adj
1605,adj
1606,n
1607,n
1608,adj
1609,adj
1610,adj
1613,n
1618,adj
1619,adj
1621,n
1624,n
1625,n
1626,n
1627,n
1628,n
1629,n
1631,n
1632,n
1633,n
1634,n
1635,n
1636,adj
1637,adj
1638,adj
1640,adj
1641,n
1642,n
1643,adj
1644,adj
1645,adj
1646,adj
1647,n
1650,adj
1652,n
1654,n
1655,n
1656,n
1657,n
1659,adj
1660,n
1661,adj
1662,n
1663,adj
1664,n
1665,adj
1672,n
1673,n
1674,n
1675,n
1677,adj
1679,n
1684,n
1685,n
1686,adj
1687,n
1688,adj
1689,n
1690,n
1692,n
1694,n
1696,n
1698,n
1699,adj
1701,n
1702,n
1704,n
1708,n
1709,n
1710,adj
1713,n
1715,n
1716,adj
1717,n
1719,adj
1720,adj
1722,adj
1724,n
1727,n
1728,n
1730,n
1731,n
1732,n
1733,n
1734,n
1735,n
1736,n
1739,n
1740,n
1741,n
1742,n
1743,n
1744,n
1746,adj
1747,adj
1748,adj
1749,n
1750,n
1751,adj
1752,adj
1753,adj
1754,n
1755,n
1756,adj
1757,n
1758,adj
1759,n
1760,adj
1761,adj
1762,n
1763,adj
1764,n
1765,adj
1766,n
1767,adj
1768,adj
1769,adj
1770,adj
1771,adj
1772,adj
1773,adj
1774,n
1775,n
1777,adj
1779,adj
1780,n
1781,adj
1784,adj
1785,adj
1786,adj
1787,n
1788,adj
1789,adj
1791,adj
1792,adj
1793,n
1794,adj
1795,n
1798,n
1799,n
1801,adj
1802,n
1803,n
1807,n
1808,adj
1816,n
1817,n
1824,n
1828,n
1829,n
1833,n
1834,n
1835,adj
1836,adj
1838,n
1839,n
1841,adj
1842,n
1844,n
1845,n
1846,n
1847,n
1849,n
1850,n
1852,n
1853,n
1854,n
1856,n
1858,n
1860,n
1861,n
1864,n
1865,n
1866,n
1868,n
1870,n
1873,n
1875,n
1876,n
1877,n
1878,n
1879,n
1880,n
1881,n
1882,n
1883,n
1884,n
1885,n
1886,n
1887,n
1888,adj
1890,n
1891,adj
1893,n
1895,n
1897,n
1905,n
1915,n
1917,n
1922,n
1923,n
1926,n
1928,n
1933,n
1935,n
1942,n
1943,adv
1944,n
1945,adj
1946,adv
1947,n
1949,n
1955,n
1963,part
1966,intj
1967,intj
1968,n
1970,n
1974,intj
1975,intj
1976,intj
1977,adj
1980,adj
1985,n
1986,n
1988,n
1990,n
1991,n
1994,n
1995,adv
1996,adj
1997,n
1999,adj
2001,n
2002,n
2004,adj
2005,n
2006,n
2007,adj
2009,n
2012,n
2014,n
2015,n
2018,n
2020,n
2022,n
2023,n
2024,n
2026,adj
2030,n
2032,n
2037,n
2039,n
2041,n
2044,n
2046,n
2048,adj
2050,adj
2053,n
2058,n
2059,adj
2060,n
2061,adj
2062,adj
2063,n
2064,adj
2069,n
2070,n
2071,n
2076,adj
2082,adj
2083,adj
2086,n
2088,n
2089,n
2090,n
2091,n
2093,n
2095,n
2098,n
2099,adj
2100,n
2101,n
2102,n
2103,n
2105,n
2107,n
2108,n
2109,n
2111,n
2112,n
2113,n
2115,n
2117,n
2118,n
2119,n
2120,n
2121,n
2122,n
2123,n
2125,n
2126,n
2128,n
2129,n
2131,n
2133,n
2134,n
2136,n
2137,n
2138,n
2139,n
2140,n
2142,n
2143,n
2145,n
2146,n
2147,n
2148,n
2149,n
2150,n
2151,n
2152,n
2154,n
2156,adj
2157,n
2158,adj
2159,n
2162,n
2164,n
2165,n
2169,n
2170,n
2172,n
2177,n
2182,n
2183,n
2184,n
2188,n
2189,n
2190,n
2196,n
2198,n
2199,n
2204,n
2205,n
2206,n
2207,adj
2208,adj
2214,n
2215,n
2216,adj
2217,adj
2219,n
2220,n
2221,n
2222,n
2223,n
2224,n
2225,n
2226,n
2230,n
2231,n
2234,n
2236,n
2240,n
2242,n
2244,n
2245,n
2248,n
2250,n
2252,n
2257,n
2258,n
2259,n
2260,n
2261,n
2262,n
2263,n
2267,n
2270,n
2272,n
2273,n
2275,n
2276,n
2277,n
2278,n
2279,n
2281,n
2282,n
2283,n
2284,n
2286,n
2288,adj
2289,n
2290,n
2291,n
2292,n
2293,n
2294,n
2296,n
2298,n
2299,n
2303,n
2306,n
2307,n
2308,n
2309,n
2310,n
2317,n
2319,n
2320,n
2322,n
2325,other
2326,n
2327,n
2328,n
2330,n
2331,n
2332,n
2335,n
2338,n
2339,n
2341,n
2342,n
2343,n
2344,n
2345,n
2346,n
2347,n
2348,n
2349,n
2352,n
2353,n
2355,n
2358,n
2359,n
2360,n
2361,n
2362,n
2363,n
2364,n
2365,n
2367,n
2369,n
2371,n
2374,n
2375,n
2377,n
2378,n
2379,n
2380,n
2381,n
2382,n
2389,n
2391,n
2392,n
2393,n
2394,n
2395,n
2397,n
2398,n
2399,n
2401,n
2402,n
2403,n
2404,n
2405,n
2406,n
2407,n
2408,n
2409,n
2410,n
2412,n
2414,n
2419,n
2420,n
2421,n
2422,n
2424,n
2427,n
2430,n
2431,n
2433,pron
2434,adj
2435,adj
2440,n
2441,adv
2442,intj
2445,n
2448,other
2450,adj
2451,n
2454,other
2456,adj
2458,adj
2459,n
2460,n
2461,n
2462,n
2466,n
2471,n
2473,n
2474,n
2475,n
2479,n
2480,n
2481,adv
2486,n
2492,n
2494,n
2495,n
2496,n
2497,n
2498,n
2499,n
2500,n
2501,n
2502,n
2504,adj
2505,adj
2514,n
2516,n
2523,n
2528,n
2529,n
2530,n
2531,n
2532,n
2533,n
2534,n
2539,n
2540,n
2542,pron
2545,adj
2546,adj
2550,n
2552,n
2553,n
2554,n
2555,n
2556,n
2557,n
2558,n
2559,n
2560,n
2561,n
2563,n
2564,n
2565,n
2574,n
2577,n
2578,n
2579,n
2580,n
2581,n
2582,n
2583,n
2584,n
2588,n
2591,n
2593,adj
2595,n
2596,n
2597,n
2598,n
2600,n
2601,n
2604,n
2606,n
2607,n
2608,n
2612,n
2613,n
2614,n
2615,n
2616,n
2619,n
2620,adj
2621,adj
2624,n
2625,n
2627,adv
2628,n
2629,n
2630,n
2631,adj
2634,n
2638,adj
2639,adj
2642,n
2647,n
2648,n
2649,adj
2650,n
2652,n
2653,n
2655,n
2656,n
2657,n
2658,adv
2662,n
2663,n
2664,n
2666,n
2670,n
2672,n
2674,n
2677,n
2678,n
2679,n
2680,n
2681,n
2683,n
2684,n
2685,n
2686,n
2687,n
2691,n
2692,n
2694,n
2696,n
2698,n
2699,n
2702,n
2703,n
2704,n
2705,n
2707,n
2709,n
2711,n
2712,n
2714,n
2715,n
2718,n
2719,n
2720,n
2721,n
2722,n
2724,n
2725,n
2726,n
2727,n
2729,n
2731,n
2732,n
2733,n
2735,n
2741,n
2746,n
2748,n
2749,n
2752,n
2757,n
2758,n
2759,n
2760,adj
2761,adj
2762,adj
2765,n
2766,n
2767,n
2768,n
2769,n
2770,n
2771,n
2772,n
2773,n
2774,n
2775,n
2778,n
2781,n
2784,n
2785,n
2786,n
2787,n
2788,n
2789,n
2790,n
2791,n
2792,n
2793,n
2795,n
2796,n
2797,n
2798,n
2800,n
2803,n
2806,n
2808,n
2809,n
2810,n
2811,n
2812,n
2815,n
2816,n
2817,n
2818,n
2819,n
2820,n
2821,n
2822,n
2823,n
2825,n
2826,n
2828,n
2829,n
2832,n
2834,n
2835,n
2837,n
2838,n
2839,n
2840,n
2844,n
2845,n
2846,n
2856,n
2859,n
2860,n
2861,n
2864,n
2865,n
2866,n
2867,n
2871,n
2872,n
2873,n
2874,n
2875,other
2876,n
2880,n
2890,n
2892,n
2893,n
2894,n
2897,n
2899,n
2905,n
2906,n
2907,n
2908,n
2909,n
2910,n
2913,n
2915,n
2916,n
2919,n
2921,n
2925,n
2926,n
2927,n
2929,n
2930,n
2936,n
2938,n
2939,n
2940,n
2944,n
2950,n
2956,n
2958,n
2964,n
2965,n
2966,n
2967,n
2968,n
2970,n
2971,n
2972,n
2973,n
2974,adj
2977,n
2979,adj
2981,n
2993,n
2994,n
2996,n
2999,n
3005,n
3013,n
3014,n
3015,n
3016,n
3017,n
3018,n
3019,n
3020,n
3021,n
3025,n
3027,n
3028,n
3029,n
3033,n
3034,n
3035,n
3036,n
3037,n
3038,n
3039,n
3040,n
3041,n
3042,n
3043,n
3055,n
3056,n
3057,n
3058,n
3059,n
3060,n
3061,n
3062,n
3063,n
3064,n
3065,n
3066,n
3067,adv
3068,adj
3070,adj
3072,n
3073,n
3075,n
3076,n
3077,n
3078,n
3080,n
3081,n
3083,n
3084,adj
3086,n
3087,n
3090,n
3091,n
3092,n
3093,adj
3094,n
3095,n
3096,n
3097,n
3098,n
3099,n
3100,n
3101,adj
3102,n
3106,n
3108,n
3109,n
3110,adj
3111,n
3112,n
3113,n
3114,n
3115,n
3116,n
3120,n
3121,n
3124,n
3125,adj
3129,n
3130,n
3132,n
3133,n
3134,n
3137,n
3140,n
3141,n
3142,n
3144,n
3145,adj
3146,n
3147,n
3148,n
3149,n
3151,n
3152,adj
3155,n
3157,n
3159,n
3160,n
3163,n
3165,n
3167,n
3168,n
3169,n
3172,n
3173,n
3180,n
3181,n
3183,n
3184,n
3185,n
3188,n
3191,n
3194,n
3197,n
3198,n
3199,n
3200,n
3204,n
3206,n
3211,n
3214,n
3215,n
3217,n
3219,n
3220,n
3223,n
3225,n
3226,n
3232,n
3233,n
3239,n
3240,n
3241,n
3242,n
3247,n
3249,n
3251,n
3252,adj
3254,n
3258,n
3263,n
3264,n
3265,n
3266,n
3267,n
3268,n
3272,n
3275,n
3279,n
3280,n
3281,n
3282,n
3283,n
3284,n
3286,n
3291,n
3293,n
3294,n
3295,n
3300,n
3301,n
3302,n
3308,n
3309,n
3314,n
3315,n
3316,n
3325,n
3327,n
3330,pron
3344,n
3349,n
3351,intj
3355,adv
3356,adv
3358,n
3361,adj
3364,adj
3366,adj
3368,adj
3371,n
3372,n
3374,n
3377,n
3378,n
3379,n
3381,n
3386,n
3387,n
3390,n
3391,n
3394,n
3397,n
3398,n
3399,n
3400,n
3401,n
3402,n
3403,n
3404,n
3405,n
3406,n
3410,n
3412,n
3413,n
3414,n
3419,n
3420,n
3421,n
3422,n
3426,n
3428,adj
3432,n
3433,n
3434,n
3436,n
3437,n
3438,n
3439,n
3440,n
3441,n
3442,n
3443,n
3444,n
3446,n
3447,n
3448,n
3449,n
3450,n
3451,n
3453,n
3464,n
3467,n
3468,n
3469,n
3477,n
3478,n
3483,n
3487,n
3490,n
3492,n
3497,n
3502,n
3504,n
3505,n
3506,n
3507,n
3510,n
3511,n
3514,n
3517,n
3520,n
3524,n
3527,n
3531,n
3534,post
3539,n
3542,n
3545,n
3549,n
3555,n
3557,n
3558,n
3561,n
3564,n
3566,n
3568,n
3569,n
3570,n
3571,n
3572,n
3573,n
3574,n
3575,n
3578,n
3579,n
3582,n
3585,n
3586,adj
3587,n
3588,n
3589,n
3590,n
3592,n
3593,n
3595,n
3596,adj
3597,adj
3598,n
3599,n
3601,n
3603,n
3605,n
3606,n
3607,n
3608,n
3610,n
3611,n
3613,n
3614,n
3615,n
3617,n
3619,n
3622,n
3624,n
3625,n
3626,n
3627,n
3629,n
3630,n
3631,n
3632,n
3636,n
3637,n
3638,n
3639,n
3640,n
3641,n
3642,n
3643,adj
3646,n
3647,n
3650,n
3651,n
3653,n
3654,n
3655,n
3657,n
3659,n
3661,n
3664,n
3668,n
3669,n
3674,n
3677,n
3678,n
3679,n
3683,adj
3686,n
3689,n
3690,n
3691,n
3692,n
3693,n
3694,n
3695,n
3700,n
3701,n
3702,n
3703,n
3704,n
3708,n
3710,n
3711,n
3713,n
3714,n
3715,n
3716,n
3717,n
3718,n
3719,n
3721,n
3722,n
3723,n
3724,n
3725,n
3726,n
3729,n
3732,n
3733,n
3734,n
3735,n
3737,adj
3740,n
3741,n
3742,n
3746,n
3748,n
3749,n
3750,n
3751,n
3752,n
3755,n
3756,n
3757,n
3759,n
3761,n
3762,n
3763,n
3764,n
3766,n
3768,n
3769,n
3770,n
3771,n
3772,n
3773,n
3774,n
3778,n
3780,n
3786,n
3788,n
3789,n
3791,n
3797,n
3799,n
3800,n
3801,n
3802,n
3803,n
3807,n
3808,n
3809,n
3810,n
3811,n
3812,n
3813,n
3814,n
3815,n
3816,n
3817,n
3818,n
3820,n
3821,n
3823,n
3831,n
3832,n
3833,n
3834,n
3836,n
3837,n
3838,n
3840,n
3841,n
3842,n
3844,n
3845,n
3846,n
3847,n
3848,n
3850,n
3852,n
3853,n
3854,n
3855,n
3856,n
3857,n
3858,n
3859,n
3860,n
3861,n
3862,n
3863,n
3864,n
3865,n
3866,n
3868,n
3869,n
3870,n
3871,n
3872,n
3873,n
3875,n
3876,n
3877,n
3880,n
3881,n
3882,n
3883,n
3884,n
3885,n
3887,n
3888,n
3889,n
3890,n
3891,n
3892,n
3893,n
3894,n
3895,n
3897,n
3898,n
3899,n
3900,n
3901,n
3902,n
3903,n
3907,n
3909,n
3910,n
3911,n
3912,n
3913,n
3914,n
3915,n
3917,n
3918,n
3919,n
3921,n
3922,n
3924,n
3925,n
3926,n
3927,n
3928,n
3929,n
3930,n
3932,n
3936,n
3937,n
3938,n
3940,n
3941,n
3942,n
3946,n
3947,n
3950,n
3951,n
3954,n
3956,n
3957,n
3959,n
3961,n
3962,n
3963,n
3964,n
3967,n
3968,n
3970,n
3971,n
3972,n
3973,n
3974,n
3975,n
3979,n
3980,n
3981,n
3984,n
3985,n
3987,n
3989,n
3990,n
3991,n
3992,n
3993,n
3994,n
3995,n
3996,n
3997,n
3998,n
3999,n
4000,n
4001,n
4002,n
4003,n
4004,n
4005,n
4006,n
4007,n
4008,n
4009,n
4010,n
4011,n
4012,n
4013,n
4014,n
4015,n
4016,n
4017,n
4018,n
4019,n
4021,n
4023,n
4025,n
4026,n
4029,n
4031,n
4034,n
4036,n
4037,n
4038,n
4039,n
4040,n
4042,n
4043,n
4045,n
4049,n
4050,n
4051,n
4053,n
4054,n
4055,n
4056,n
4058,n
4060,n
4061,n
4062,n
4063,n
4064,n
4069,n
4070,n
4071,n
4072,n
4073,n
4077,n
4085,n
4087,n
4089,n
4091,n
4093,n
4094,n
4096,n
4098,n
4100,n
4101,n
4103,n
4106,n
4107,n
4108,n
4110,n
4112,n
4116,n
4118,n
4119,n
4121,n
4127,n
4129,n
4130,n
4132,n
4134,n
4136,n
4137,n
4138,n
4139,n
4140,n
4142,n
4143,n
4144,n
4146,n
4148,n
4150,n
4155,n
4156,n
4159,n
4160,n
4161,n
4162,n
4166,n
4170,n
4171,n
4173,n
4174,n
4176,n
4180,n
4181,n
4182,n
4183,n
4185,n
4186,n
4187,n
4188,n
4189,n
4192,n
4193,n
4194,n
4196,n
4198,n
4199,n
4201,n
4203,n
4204,n
4205,n
4207,n
4208,n
4211,n
4219,n
4224,n
4225,n
4226,n
4227,n
4229,n
4231,n
4232,adj
4238,n
4239,n
4240,n
4241,n
4243,n
4244,n
4248,n
4251,n
4254,n
4255,n
4256,n
4257,n
4258,n
4259,n
4261,adj
4271,n
4273,n
4281,n
4282,n
4283,n
4284,n
4285,n
4286,n
4287,n
4288,n
4289,n
4293,n
4296,n
4298,n
4300,other
4304,n
4305,n
4306,n
4307,n
4308,n
4309,n
4310,n
4311,n
4312,n
4313,n
4314,n
4317,n
4318,adv
4320,n
4324,n
4325,n
4326,n
4328,n
4330,n
4332,n
4335,n
4336,n
4338,n
4339,n
4340,n
4341,n
4342,n
4344,n
4345,n
4346,n
4347,n
4348,n
4349,n
4350,n
4351,n
4353,n
4354,n
4355,n
4356,n
4357,n
4358,n
4360,n
4361,n
4362,n
4363,n
4364,n
4365,n
4366,n
4370,n
4372,n
4374,n
4376,n
4377,n
4383,n
4385,n
4387,n
4388,n
4389,n
4390,n
4394,n
4395,n
4396,n
4397,n
4399,n
4402,n
4403,n
4404,n
4405,n
4406,n
4407,adj
4408,n
4409,n
4410,n
4411,n
4413,n
4414,n
4424,adv
4426,n
4430,n
4434,n
4439,n
4440,n
4442,adv
4443,n
4444,n
4445,n
4447,n
4448,n
4449,n
4452,n
4453,n
4455,prop
4457,prop
4458,n
4459,n
4460,adj
4462,n
4463,n
4464,n
4465,n
4466,n
4467,n
4468,n
4470,prop
4471,prop
4473,prop
4475,prop
4476,prop
4477,prop
4478,prop
4479,prop
4480,prop
4481,prop
4487,n
4490,n
4491,n
4492,n
4493,n
4494,n
4497,n
4498,n
4499,n
4500,n
4501,n
4504,n
4505,n
4506,n
4507,n
4509,n
4511,n
4512,n
4513,n
4514,n
4515,n
4516,n
4518,n
4520,n
4521,n
4522,n
4524,n
4525,n
4526,n
4527,n
4528,n
4529,n
4530,n
4531,n
4532,n
4537,n
4538,n
4539,n
4542,n
4544,n
4548,adj
4549,adj
4550,adj
4551,n
4555,n
4556,n
4557,n
4559,n
4563,n
4565,n
4569,n
4570,n
4571,n
4572,n
4574,n
4576,n
4577,n
4578,n
4579,n
4580,n
4581,n
4583,n
4584,n
4586,n
4587,n
4588,n
4589,n
4590,n
4591,n
4592,n
4593,n
4594,n
4595,other
4596,n
4597,n
4598,n
4599,n
4600,n
4604,n
4606,n
4607,n
4611,n
4612,n
4614,n
4616,n
4617,n
4618,n
4619,n
4620,n
4621,n
4623,n
4625,n
4626,n
4627,n
4628,n
4631,n
4633,n
4635,n
4636,n
4639,n
4640,n
4642,n
4644,n
4651,n
4652,n
4653,n
4654,n
4656,n
4657,n
4658,n
4659,n
4660,n
4661,n
4664,n
4665,n
4672,n
4673,n
4675,n
4676,n
4677,n
4678,n
4679,n
4680,n
4681,n
4683,n
4684,n
4685,n
4686,n
4687,n
4688,n
4689,n
4690,n
4691,n
4692,n
4693,n
4694,n
4698,n
4699,n
4700,n
4701,n
4702,n
4706,n
4708,n
4709,n
4710,n
4711,n
4712,n
4713,n
4714,n
4715,n
4716,n
4717,n
4718,n
4720,n
4723,adv
4724,n
4725,adv
4726,adv
4727,adv
4728,n
4729,n
4731,n
4732,n
4733,n
4734,n
4735,n
4736,n
4737,n
4738,n
4739,n
4740,adj
4741,adj
4742,n
4743,n
4746,n
4750,n
4759,n
4762,n
4764,n
4765,n
4771,n
4776,n
4777,n
4779,n
4781,n
4782,adv
4785,n
4786,n
4790,n
4794,n
4795,n
4797,n
4798,n
4799,n
4800,n
4802,n
4804,n
4805,n
4807,n
4808,n
4809,n
4810,n
4811,n
4814,n
4815,n
4816,n
4817,n
4818,n
4819,other
4820,n
4821,n
4822,n
4823,n
4824,n
4826,n
4828,n
4830,adj
4831,adj
4832,n
4835,n
4836,n
4838,n
4840,n
4841,n
4842,n
4843,n
4844,n
4847,n
4848,n
4850,n
4851,n
4852,n
4857,n
4858,n
4859,n
4864,n
4872,n
4874,n
4877,n
4878,n
4879,n
4880,n
4881,n
4882,n
4883,n
4884,n
4885,n
4886,n
4887,n
4888,n
4889,n
4891,n
4894,n
4895,n
4900,n
4901,n
4904,n
4907,n
4909,n
4911,n
4915,n
4918,n
4919,n
4921,n
4922,n
4924,n
4925,n
4927,n
4928,n
4929,n
4930,n
4931,n
4932,n
4933,n
4934,n
4935,n
4936,n
4937,n
4939,n
4940,n
4942,n
4943,n
4944,n
4945,n
4946,n
4947,n
4949,n
4951,n
4952,n
4953,n
4955,n
4956,n
4960,n
4962,adj
4963,n
4964,n
4965,adj
4966,n
4967,n
4968,n
4969,n
4971,n
4972,n
4978,n
4980,n
4981,n
4986,n
4987,n
4990,n
4991,n
4992,n
4993,n
4994,n
4995,n
4999,n
5000,n
5006,adj
5007,n
5008,n
5015,n
5018,n
5019,n
5020,n
5023,n
5024,n
5030,n
5031,n
5039,n
5041,n
5045,n
5047,n
5048,n
5049,n
5051,n
5054,n
5055,n
5057,n
5064,n
5066,n
5074,n
5081,n
5082,n
5083,n
5085,n
5086,n
5091,adj
5093,n
5096,n
5097,n
5098,n
5104,n
5105,n
5107,n
5108,n
5109,n
5110,n
5116,n
5118,n
5119,n
5121,n
5122,n
5123,n
5127,n
5128,n
5129,n
5131,n
5135,n
5136,n
5138,n
5139,n
5140,n
5144,n
5145,n
5146,adj
5147,adj
5150,n
5151,n
5152,n
5153,n
5154,n
5155,n
5157,n
5158,n
5159,n
5162,n
5163,n
5164,n
5165,n
5166,n
5167,n
5168,n
5172,n
5173,n
5174,n
5176,n
5177,n
5180,n
5181,n
5182,n
5189,n
5190,n
5194,n
5196,adj
5197,adj
5199,adj
5200,n
5204,n
5207,n
5208,n
5211,n
5212,n
5213,n
5214,n
5215,n
5216,n
5217,n
5219,n
5220,n
5223,n
5225,n
5226,n
5229,n
5230,n
5236,n
5241,n
5242,n
5243,n
5245,n
5247,n
5248,n
5249,n
5250,n
5254,n
5255,n
5257,n
5259,n
5260,n
5266,n
5268,n
5274,n
5277,n
5278,n
5280,n
5281,n
5282,n
5283,n
5284,n
5285,n
5286,n
5288,n
5289,n
5291,n
5292,n
5295,n
5298,n
5302,n
5303,n
5304,n
5306,n
5307,n
5308,n
5309,n
5310,n
5311,n
5312,n
5313,n
5314,n
5318,n
5319,n
5322,n
5323,n
5325,n
5326,n
5327,n
5331,n
5332,n
5337,n
5339,n
5340,n
5342,n
5343,n
5349,n
5358,n
5360,n
5361,n
5369,n
5370,n
5373,n
5378,n
5379,n
5384,n
5385,n
5386,n
5388,n
5389,n
5390,n
5391,n
5393,n
5394,n
5396,n
5397,n
5398,n
5399,n
5400,n
5402,n
5403,n
5404,n
5405,n
5410,n
5412,n
5413,adj
5414,adj
5415,n
5424,n
5425,n
5426,n
5428,n
5430,n
5431,n
5432,n
5433,n
5438,n
5442,n
5445,n
5448,n
5454,adj
5455,adj
5457,n
5458,n
5467,n
5468,adj
5469,adj
5470,n
5471,n
5473,n
5474,n
5475,n
5476,n
5477,n
5478,n
5479,n
5480,n
5482,n
5483,n
5484,n
5485,n
5488,n
5495,n
5496,n
5498,n
5499,adj
5500,adj
5502,n
5504,n
5506,n
5507,n
5508,n
5509,n
5511,n
5513,n
5514,n
5515,n
5518,n
5525,n
5529,n
5530,adj
5533,n
5536,n
5538,n
5541,n
5546,n
5548,n
5550,n
5552,n
5566,adj
5568,n
5569,n
5571,n
5572,n
5573,n
5574,n
5575,n
5577,n
5580,n
5583,n
5584,n
5586,n
5588,n
5589,n
5590,n
5591,n
5594,n
5612,n
5615,n
5617,n
5631,n
5635,n
5636,n
5637,n
5638,n
5639,n
5641,n
5646,prop
5648,n
5650,n
5653,n
5654,n
5660,n
5661,n
5671,n
5672,n
5674,n
5675,n
5676,n
5677,n
5678,n
5680,n
5682,n
5684,n
5685,n
5689,n
5690,n
5692,n
5694,n
5695,n
5696,n
5699,n
5700,n
5701,n
5702,n
5703,n
5704,n
5705,n
5707,n
5709,n
5710,n
5712,n
5713,n
5714,n
5718,n
5719,n
5720,n
5724,n
5725,n
5726,n
5727,n
5729,n
5730,n
5731,n
5732,n
5733,n
5734,n
5735,n
5737,n
5740,n
5741,n
5742,n
5743,n
5746,adv
5749,n
5752,n
5753,n
5754,n
5757,n
5758,adj
5759,n
5761,n
5762,n
5764,n
5765,adj
5766,n
5770,n
5771,n
5773,n
5775,n
5787,n
5789,n
5791,n
5794,n
5795,n
5796,n
5801,adj
5802,n
5806,n
5811,n
5813,n
5815,n
5816,n
5817,n
5818,n
5819,n
5821,n
5825,n
5828,n
5829,n
5830,n
5832,n
5835,n
5836,n
5837,n
5838,n
5839,n
5845,intj
5846,n
5849,n
5852,n
5855,n
5856,n
5857,n
5858,n
5860,n
5864,adj
5866,n
5868,n
5870,n
5871,n
5873,n
5874,n
5875,n
5877,n
5878,n
5879,n
5881,n
5883,n
5885,n
5886,n
5887,n
5889,n
5890,n
5891,n
5893,n
5894,n
5895,n
5898,n
5899,n
5902,n
5903,n
5904,n
5905,n
5906,n
5908,n
5909,n
5910,adj
5916,n
5917,n
5920,n
5921,n
5930,n
5932,n
5933,n
5934,n
5938,n
5940,adj
5943,n
5944,n
5945,n
5946,n
5948,n
5949,n
5950,n
5951,n
5952,n
5953,n
5954,n
5956,n
5957,prop
5959,n
5960,n
5961,adj
5963,n
5964,n
5965,n
5967,n
5968,n
5969,n
5970,n
5971,n
5973,n
5974,n
5976,n
5979,n
5986,n
5987,n
5988,n
5989,adj
5990,n
5991,n
5995,n
5996,n
5997,n
5998,n
6001,n
6002,n
6003,n
6004,adj
6008,n
6014,n
6016,n
6018,n
6022,n
6023,n
6024,n
6027,n
6031,n
6034,n
6035,n
6044,n
6052,adv
6053,adv
6059,n
6065,n
6066,n
6068,n
6071,n
6072,adv
6074,n
6078,n
6079,n
6081,n
6083,n
6084,n
6085,n
6088,n
6090,n
6091,n
6093,n
6094,n
6100,n
6101,n
6102,n
6104,n
6105,n
6106,adj
6117,n
6118,n
6119,n
6120,n
6122,n
6123,n
6124,n
6125,n
6127,adj
6128,n
6130,n
6131,n
6133,n
6141,n
6142,n
6145,n
6146,n
6149,n
6150,n
6156,n
6158,n
6167,n
6168,adj
6169,n
6170,n
6172,n
6173,n
6179,n
6182,n
6183,n
6185,n
6192,n
6194,n
6196,n
6197,n
6198,n
6200,n
6202,n
6206,n
6211,n
6217,n
6218,n
6221,n
6222,n
6224,n
6225,adj
6228,n
6229,n
6230,n
6231,n
6233,n
6234,n
6239,n
6240,n
6248,n
6250,n
6252,n
6253,n
6254,adj
6255,n
6256,adj
6257,adj
6259,n
6266,adj
6268,adj
6269,n
6270,adj
6272,n
6273,n
6274,n
6276,n
6277,n
6278,n
6279,n
6280,n
6281,n
6283,n
6284,prop
6287,prop
6288,prop
6289,prop
6290,prop
6291,prop
6292,prop
6293,prop
6295,prop
6299,n
6301,n
6305,n
6307,n
6308,n
6313,n
6314,n
6315,n
6316,n
6318,n
6319,n
6326,n
6327,n
6328,n
6331,prop
6333,prop
6336,prop
6337,prop
6338,n
6339,adv
6340,adv
6341,adj
6342,n
6343,adv
6344,adv
6345,adj
6346,n
6347,adv
6348,adv
6349,adj
6350,n
6351,adv
6352,adv
6353,adj
6354,n
6355,n
6356,n
6357,n
6358,n
6359,n
6361,n
6362,n
6363,n
6364,n
6365,n
6366,n
6368,n
6373,n
6374,n
6376,n
6380,n
6381,n
6384,n
6385,n
6386,n
6387,n
6388,n
6389,adj
6390,n
6391,adj
6392,n
6393,n
6395,n
6396,n
6397,n
6398,n
6399,n
6428,n
6431,n
6432,n
6434,n
6435,n
6438,n
6439,n
6440,n
6441,n
6442,adj
6443,n
6444,n
6446,n
6448,n
6449,n
6450,n
6451,n
6452,n
6453,n
6454,n
6455,n
6462,prop
6466,prop
6467,prop
6470,prop
6472,prop
6474,prop
6475,n
6476,n
6477,n
6481,n
6490,n
6491,n
6492,n
6494,n
6495,n
6496,n
6497,n
6498,n
6499,n
6500,adj
6501,adj
6504,prop
6505,prop
6506,prop
6507,prop
6508,prop
6509,prop
6510,prop
6511,prop
6512,prop
6513,prop
6514,prop
6515,prop
6516,prop
6517,prop
6518,prop
6519,prop
6520,prop
6521,n
6522,adj
6523,n
6524,n
6525,n
6526,n
6527,n
6529,n
6530,n
6531,n
6532,n
6533,n
6535,n
6536,n
6537,n
6538,n
6539,n
6540,n
6541,n
6542,n
6543,n
6544,n
6545,n
6546,n
6547,n
6551,n
6553,n
6555,n
6556,n
6565,n
6567,n
6568,n
6569,n
6570,n
6578,n
6580,n
6581,n
6582,n
6585,n
6586,n
6587,n
6591,n
6594,n
6595,n
6596,n
6601,n
6602,n
6603,n
6604,n
6605,adj
6606,adv
6607,adv
6608,adj
6609,adv
6613,adj
6616,n
6617,adj
6618,n
6619,adj
6620,n
6622,adj
6625,n
6626,adj
6629,n
6630,adj
6633,n
6636,n
6638,other
6639,n
6643,n
6644,n
6645,n
6648,n
6649,n
6650,n
6654,n
6655,n
6657,n
6659,n
6660,n
6663,n
6664,n
6665,n
6667,adj
6668,adv
6669,adj
6675,n
6677,n
6681,n
6688,n
6690,n
6695,n
6698,n
6702,n
6706,n
6707,adj
6710,n
6711,n
6712,adv
6719,n
6723,n
6726,n
6727,n
6728,n
6729,n
6730,n
6731,n
6732,n
6733,n
6735,n
6737,n
6738,n
6739,n
6740,n
6741,n
6742,n
6743,n
6744,n
6745,n
6747,n
6748,n
6749,n
6750,n
6753,n
6754,n
6755,n
6756,n
6757,n
6758,n
6759,n
6761,n
6762,n
6763,n
6764,n
6765,n
6766,n
6767,n
6768,n
6769,n
6770,n
6772,n
6774,n
6775,n
6776,n
6777,n
6779,n
6780,n
6782,n
6783,n
6784,n
6785,n
6786,n
6787,n
6788,n
6789,n
6790,n
6791,n
6792,n
6793,n
6794,n
6795,n
6796,n
6798,n
6799,n
6800,n
6801,n
6803,n
6804,n
6805,n
6806,n
6807,n
6808,n
6809,n
6810,n
6811,n
6812,n
6813,n
6814,n
6818,n
6822,n
6823,n
6828,n
6830,n
6831,n
6832,n
6833,n
6834,n
6835,n
6836,n
6837,n
6838,n
6839,n
6840,n
6841,n
6842,n
6843,n
6844,n
6845,n
6846,n
6847,n
6848,n
6850,n
6851,n
6852,n
6854,n
6855,n
6863,n
6873,n
6874,n
6875,n
6876,n
6877,n
6880,n
6885,n
6887,n
6889,n
6891,n
6892,n
6894,n
6895,n
6896,n
6897,n
6898,n
6899,n
6900,n
6901,n
6902,n
6903,n
6906,n
6907,n
6908,n
6909,n
6910,n
6911,n
6912,n
6913,n
6914,n
6915,n
6916,n
6917,n
6918,n
6919,n
6920,n
6921,n
6922,n
6923,n
6924,n
6927,n
6928,n
6929,n
6930,n
6931,n
6932,n
6933,n
6934,n
6935,n
6936,n
6937,n
6938,n
6939,n
6940,n
6941,n
6942,n
6943,n
6944,n
6948,n
6954,n
6955,n
6956,n
6960,n
6962,n
6964,n
6965,n
6971,n
6972,n
6973,n
6977,n
6984,n
6986,n
6987,adj
6989,n
6990,n
6992,n
6994,n
6995,n
6996,n
6997,n
6998,n
6999,n
7001,n
7002,n
7003,n
7004,n
7005,n
7006,n
7007,n
7008,n
7009,n
7010,n
7011,n
7012,n
7013,n
7014,n
7015,n
7017,n
7018,n
7019,n
7020,n
7021,n
7022,n
7024,n
7028,n
7029,n
7030,n
7032,n
7033,n
7034,n
7036,n
7038,n
7039,n
7040,n
7042,n
7043,n
7044,n
7046,n
7047,n
7048,n
7050,n
7051,n
7052,n
7053,n
7054,n
7055,n
7056,n
7057,n
7082,n
7087,n
7088,n
7089,n
7090,n
7091,n
7092,n
7098,n
7106,n
7107,n
7108,n
7109,n
7110,n
7111,n
7112,n
7113,n
7115,n
7117,n
7120,n
7121,n
7122,n
7123,n
7124,n
7125,n
7126,n
7127,n
7128,n
7129,n
7130,n
7131,adj
7132,adj
7134,n
7135,n
7136,n
7138,n
7141,n
7144,n
7146,n
7148,n
7149,n
7150,n
7151,n
7161,n
7164,n
7172,adj
7173,adj
7174,adj
7175,n
7181,n
7183,n
7185,n
7186,n
7187,n
7188,n
7189,n
7190,n
7191,n
7192,n
7193,n
7195,n
7196,n
7197,n
7198,n
7199,n
7200,n
7202,n
7203,n
7204,n
7205,n
7208,n
7212,n
7213,n
7214,n
7217,n
7218,n
7221,n
7222,n
7225,n
7226,n
7227,n
7228,n
7229,n
7230,n
7231,n
7232,n
7244,n
7253,n
7257,n
7259,n
7261,n
7262,n
7263,n
7264,n
7265,n
7266,n
7268,n
7269,n
7270,n
7271,n
7272,n
7273,n
7274,n
7275,n
7276,n
7278,n
7279,n
7280,n
7281,n
7283,n
7284,n
7286,n
7287,n
7288,n
7290,n
7291,n
7292,n
7293,n
7295,n
7296,n
7297,n
7298,n
7300,n
7301,n
7302,n
7303,n
7304,n
7305,n
7308,n
7311,n
7313,n
7314,n
7315,n
7316,n
7317,n
7318,n
7320,n
7321,n
7324,n
7325,n
7327,n
7357,prop
7359,n
7361,prop
7362,n
7366,prop
7367,n
7370,prop
7371,n
7374,prop
7375,n
7378,prop
7379,prop
7380,n
7383,prop
7384,n
7387,prop
7388,n
7391,prop
7392,n
7395,prop
7396,n
7399,prop
7400,n
7403,prop
7404,n
7407,prop
7408,n
7411,prop
7412,n
7415,prop
7416,n
7419,prop
7420,n
7423,prop
7424,n
7427,prop
7428,n
7431,prop
7432,n
7435,prop
7436,n
7439,prop
7440,n
7443,prop
7444,prop
7445,prop
7446,prop
7447,prop
7448,n
7451,prop
7452,n
7455,prop
7456,n
7459,prop
7460,n
7463,prop
7464,n
7467,prop
7468,n
7471,prop
7472,n
7475,prop
7476,n
7479,prop
7480,n
7483,prop
7484,n
7487,prop
7488,n
7491,prop
7492,n
7496,prop
7497,prop
7498,prop
7499,prop
7500,n
7503,prop
7504,n
7507,prop
7508,n
7511,prop
7512,n
7515,prop
7516,n
7519,prop
7520,n
7523,prop
7524,n
7527,prop
7528,n
7531,prop
7532,n
7535,prop
7536,n
7539,prop
7540,n
7543,prop
7544,n
7547,prop
7549,prop
7550,n
7553,prop
7554,n
7557,prop
7558,n
7561,n
7564,prop
7565,n
7568,n
7571,prop
7572,n
7575,prop
7576,n
7579,prop
7580,n
7583,prop
7584,n
7588,n
7591,prop
7592,n
7595,prop
7596,n
7599,prop
7600,n
7603,prop
7604,n
7607,prop
7608,prop
7609,prop
7610,prop
7611,prop
7612,prop
7613,prop
7614,prop
7615,prop
7616,prop
7617,prop
7620,prop
7625,n
7628,prop
7629,n
7632,prop
7633,n
7636,prop
7637,n
7640,prop
7641,n
7644,prop
7645,n
7648,prop
7649,n
7652,prop
7653,n
7656,prop
7657,prop
7658,prop
7659,prop
7660,prop
7661,prop
7662,prop
7664,prop
7666,prop
7667,prop
7668,prop
7669,n
7672,prop
7673,n
7676,prop
7677,n
7680,prop
7681,prop
7682,prop
7683,prop
7684,prop
7685,prop
7686,prop
7687,prop
7689,n
7692,prop
7693,n
7700,prop
7702,prop
7703,prop
7704,prop
7705,prop
7706,prop
7707,prop
7708,prop
7709,prop
7710,prop
7711,prop
7712,prop
7713,prop
7714,prop
7715,prop
7716,prop
7717,prop
7718,prop
7720,prop
7721,prop
7722,prop
7723,prop
7724,prop
7726,prop
7727,prop
7728,prop
7729,prop
7730,prop
7731,prop
7732,prop
7733,prop
7734,prop
7735,prop
7737,prop
7738,prop
7739,prop
7741,prop
7742,prop
7743,prop
7744,prop
7745,prop
7746,prop
7747,prop
7748,prop
7749,prop
7750,prop
7752,prop
7753,prop
7754,prop
7755,prop
7756,prop
7757,prop
7760,prop
7761,prop
7762,prop
7763,prop
7764,prop
7765,prop
7766,prop
7767,prop
7768,prop
7769,prop
7770,prop
7771,prop
7772,prop
7773,prop
7774,prop
7775,n
7776,adj
7777,n
7778,n
7779,n
7780,n
7783,n
7785,n
7787,n
7788,adj
7789,n
7790,adj
7791,n
7792,adj
7793,n
7794,n
7795,n
7796,adj
7798,n
7799,adj
7800,n
7801,adj
7802,n
7803,n
7805,n
7807,n
7812,n
7814,n
7815,adj
7816,n
7817,n
7820,n
7822,n
7824,n
7825,n
7827,adj
7828,n
7829,adj
7830,n
7833,n
7834,n
7835,adj
7836,n
7837,adj
7838,n
7839,n
7840,n
7842,n
7843,n
7845,n
7846,n
7847,n
7851,n
7852,n
7855,n
7856,adj
7857,n
7859,n
7860,n
7861,n
7862,n
7866,n
7867,n
7872,n
7873,n
7874,n
7875,n
7876,adj
7877,n
7879,n
7880,n
7881,n
7882,n
7884,n
7885,n
7886,n
7888,n
7889,n
7890,n
7893,n
7894,n
7895,n
7897,n
7898,n
7899,adj
7900,n
7902,n
7903,n
7904,n
7906,n
7908,n
7909,n
7911,n
7913,n
7914,n
7917,n
7919,n
7921,n
7922,n
7923,n
7925,n
7926,n
7927,n
7929,n
7930,n
7931,n
7932,n
7933,n
7934,n
7935,n
7937,n
7938,n
7939,n
7940,n
7941,n
7943,n
7944,n
7945,n
7947,n
7950,n
7951,n
7952,n
7957,prop
7958,prop
7959,prop
7960,n
7962,n
7966,prop
7969,prop
7971,prop
7972,adj
7973,prop
7975,n
7978,n
7980,n
7981,n
7982,n
7984,prop
7985,prop
7986,prop
7988,n
7990,n
7991,n
7992,prop
7993,prop
7994,prop
7996,n
7997,n
7999,n
8000,n
8001,prop
8005,adj
8008,n
8009,n
8013,n
8016,n
8017,n
8018,n
8019,n
8020,n
8021,n
8022,n
8023,n
8024,n
8025,n
8026,n
8029,n
8031,n
8033,n
8034,adj
8036,n
8038,n
8040,adj
8043,n
8044,n
8045,n
8046,n
8047,n
8048,n
8049,n
8050,n
8051,n
8052,n
8053,n
8054,n
8055,n
8057,n
8058,n
8059,n
8060,n
8062,n
8063,n
8064,n
8065,n
8066,n
8067,n
8068,n
8069,n
8070,n
8072,n
8073,n
8075,n
8076,n
8077,n
8079,n
8080,n
8081,n
8082,n
8083,n
8084,n
8085,n
8086,n
8087,n
8089,adj
8090,n
8091,adj
8092,n
8093,n
8094,n
8095,n
8096,n
8097,n
8098,n
8099,adj
8101,n
8104,n
8106,n
8107,n
8108,n
8109,adj
8111,adj
8112,adj
8113,adj
8114,adj
8116,adj
8121,adj
8123,adj
8124,adj
8125,adj
8128,adj
8129,adj
8130,adj
8131,adj
8132,adj
8133,adj
8134,adj
8135,adj
8136,adj
8140,adj
8141,adj
8143,adj
8144,adj
8146,adj
8148,adj
8149,adj
8151,adj
8152,adj
8154,adj
8155,adj
8156,adj
8158,adj
8160,adj
8162,adj
8163,adj
8164,adj
8167,adj
8168,adj
8170,adj
8173,adj
8174,adj
8175,adj
8176,adj
8177,adj
8178,adj
8179,adj
8181,adj
8183,adj
8185,adj
8186,adj
8187,adj
8188,adj
8189,adj
8190,adj
8191,adj
8192,adj
8193,adj
8195,adj
8197,n
8199,adj
8200,adj
8201,adj
8202,adj
8203,adj
8204,adj
8205,adj
8208,adj
8209,adj
8211,adj
8213,adj
8214,adj
8215,adj
8216,adj
8217,adj
8218,adj
8220,adj
8221,adj
8222,adj
8224,adj
8225,adj
8226,adj
8229,adj
8230,adj
8232,adj
8233,adj
8234,adj
8235,adj
8236,adj
8237,adj
8239,adj
8240,adj
8241,adj
8246,adj
8248,adj
8249,adj
8250,adj
8251,adj
8253,adj
8255,adj
8257,adj
8258,adj
8259,adj
8260,adj
8266,adj
8267,adj
8269,adj
8270,adj
8272,adj
8273,adj
8274,adj
8275,adj
8276,adj
8278,adj
8279,adj
8280,adj
8281,adj
8282,adj
8283,adj
8284,adj
8286,adj
8287,adj
8289,adj
8292,adj
8294,adj
8295,adj
8296,adj
8297,adj
8774,pron
8775,pron
8776,pron
8781,pron
20001,intj
20002,intj
20005,intj
20007,intj
20008,intj
20009,intj
20010,intj
20015,other
20016,other
20019,intj
20025,other
20026,other
20027,other
20028,other
20029,other
20030,other
20031,other
20032,other
20033,other
20036,intj
20043,intj
20048,part
20051,intj
20052,intj
20053,intj
20055,intj
20056,part
20059,part
20064,part
20065,other
20066,other
20068,intj
20072,intj
20075,intj
20076,intj
20077,intj
20079,intj
20080,intj
20081,intj
20089,intj
20099,n
20101,n
20103,n
20104,n
20106,n
20108,n
20109,n
20110,n
20111,n
20112,n
20113,n
20114,n
20115,n
20116,n
20117,n
20118,n
20119,n
20120,n
20121,intj
20122,intj
20130,other
20148,intj
20150,other
20151,other
20152,other
20153,other
20160,other
20166,intj
20168,other
20172,n
20193,intj
20199,n
20204,n
20207,n
20209,adv
20210,n
20217,other
20218,other
20220,adv
20221,adv
20223,n
20226,other
20227,n
20228,n
20229,prop
20230,prop
20233,n
20234,n
20236,n
20239,n
20240,n
20241,n
20245,n
20246,num
20247,n
20249,n
20251,n
20252,adj
20253,adj
20257,n
20258,n
20260,n
20263,n
20265,n
20266,n
20267,n
20268,n
20269,n
20273,n
20274,n
20276,n
20277,n
20278,other
20280,other
20281,n
20282,n
20283,n
20284,n
20285,num
20288,n
20289,n
20292,n
20293,n
20296,adv
20297,adv
20304,adv
20305,adv
20307,adv
20310,adv
20311,adv
20312,n
20315,n
20316,other
20320,other
20322,adv
20323,adv
20326,n
20327,n
20328,n
20329,n
20331,n
20332,intj
20333,intj
20334,intj
20336,other
20337,other
20338,other
20339,other
20340,other
20341,other
20342,other
20343,other
20344,other
20345,other
20346,other
20347,other
20348,other
20349,other
20350,other
20351,other
20352,other
20353,other
20354,other
20355,other
20356,other
20357,other
20358,other
20359,other
20360,other
20361,other
20362,other
20364,other
20365,other
20366,other
20367,other
20368,other
20369,other
20370,other
20372,other
20373,other
20374,other
20375,adj
20378,n
20379,pron
20380,pron
21001,num
21011,num
915,n
917,n
933,n
934,n
1239,n
1371,n
1381,n
1391,n
1862,n
2954,n
3089,n
4855,n
6043,n
6189,n
6195,n
6210,n
6480,n
6627,n
6634,n
7267,n
