name_ru,name_uz,name_en
Местоимения,Olmoshlar,Pronouns
Приветствия. Прощания. Извинения. Благодарность,Salomlashish. Xayrlashish. Uzr soʻrash. Minnatdorchilik,Greetings. Farewells. Apologies. Gratitude
Обращения,Murojaat shakllari,Forms of address
Числа от 1 до 100,1 dan 100 gacha sonlar,Numbers from 1 to 100
Числа от 100,100 dan katta sonlar,Numbers from 100
Числа. Порядковые числительные,Sonlar. Tartib sonlar,Numbers. Ordinal numbers
Числа. Дроби,Sonlar. Kasrlar,Numbers. Fractions
Числа. Математические действия,Sonlar. Matematik amallar,Numbers. Mathematical operations
Числа. Разное,Sonlar. Har xil,Numbers. Miscellaneous
Самые важные глаголы - 1,Eng muhim feʼllar — 1,Most important verbs — 1
Самые важные глаголы - 2,Eng muhim feʼllar — 2,Most important verbs — 2
Самые важные глаголы - 3,Eng muhim feʼllar — 3,Most important verbs — 3
Самые важные глаголы - 4,Eng muhim feʼllar — 4,Most important verbs — 4
Цвета,Ranglar,Colors
Вопросы,Savollar,Questions
Основные предлоги,Asosiy koʻmakchilar,Basic prepositions
Вводные и служебные слова. Наречия - 1,Kirish va yordamchi soʻzlar. Ravishlar — 1,Parenthetical and function words. Adverbs — 1
Вводные и служебные слова. Наречия - 2,Kirish va yordamchi soʻzlar. Ravishlar — 2,Parenthetical and function words. Adverbs — 2
Дни недели,Hafta kunlari,Days of the week
Часы. Время суток,Soat. Kun vaqtlari,Clock. Times of day
Месяцы. Времена года,Oylar. Fasllar,Months. Seasons
Время. Разное,Vaqt. Har xil,Time. Miscellaneous
Противоположности,Qarama-qarshi soʻzlar,Opposites
Линии и формы,Chiziqlar va shakllar,Lines and shapes
Меры измерения,Oʻlchov birliklari,Units of measurement
Ёмкости,Idishlar,Containers
Материалы,Materiallar,Materials
Металлы,Metallar,Metals
Человек. Общие понятия,Inson. Umumiy tushunchalar,Human. General concepts
Анатомия,Anatomiya,Anatomy
Голова,Bosh,Head
Тело,Tana,Body
Верхняя одежда,Ustki kiyim,Outerwear
Одежда,Kiyim,Clothing
Одежда. Бельё,Kiyim. Ichki kiyim,Clothing. Underwear
Головной убор,Bosh kiyim,Headwear
Обувь,Poyabzal,Footwear
Ткани. Материалы,Gazlamalar. Materiallar,Fabrics. Materials
Аксессуары,Aksessuarlar,Accessories
Одежда. Разное,Kiyim. Har xil,Clothing. Miscellaneous
Предметы личной гигиены. Косметика,Shaxsiy gigiyena buyumlari. Kosmetika,Personal hygiene products. Cosmetics
Украшения. Драгоценности,Taqinchoqlar. Qimmatbaho buyumlar,Jewelry. Valuables
Часы,Soatlar,Watches and clocks
Продукты,Oziq-ovqat mahsulotlari,Food products
Напитки,Ichimliklar,Drinks
Овощи,Sabzavotlar,Vegetables
Фрукты. Орехи,Mevalar. Yongʻoqlar,Fruits. Nuts
Сладости. Хлеб,Shirinliklar. Non,Sweets. Bread
Блюда,Taomlar,Dishes
Приправы. Специи,Qoʻshimchalar. Ziravorlar,Condiments. Spices
Приём пищи,Ovqatlanish,Meals
Сервировка стола,Dasturxon tuzash,Table setting
Ресторан,Restoran,Restaurant
Анкета. Анкетные данные,Anketa. Shaxsiy maʼlumotlar,Questionnaire. Personal details
Семья. Родственники,Oila. Qarindoshlar,Family. Relatives
Друзья. Знакомые. Коллеги,Doʻstlar. Tanishlar. Hamkasblar,Friends. Acquaintances. Colleagues
Женщина. Мужчина,Ayol. Erkak,Woman. Man
Возраст,Yosh,Age
Ребёнок,Bola,Child
Супруги. Супружеская жизнь,Er-xotin. Oilaviy hayot,Spouses. Married life
Чувства. Состояние человека,Hissiyotlar. Inson holati,Feelings. Emotional states
Черты характера. Личность,Xarakter xususiyatlari. Shaxs,Character traits. Personality
Сон. Состояние сна,Uyqu. Uyqu holati,Sleep. States of sleep
Юмор. Смех. Радость,Hazil. Kulgi. Quvonch,Humor. Laughter. Joy
Общение. Диалог. Разговор - 1,Muloqot. Dialog. Suhbat — 1,Communication. Dialogue. Conversation — 1
Общение. Диалог. Разговор - 2,Muloqot. Dialog. Suhbat — 2,Communication. Dialogue. Conversation — 2
Общение. Диалог. Разговор - 3,Muloqot. Dialog. Suhbat — 3,Communication. Dialogue. Conversation — 3
Согласие. Несогласие. Одобрение,Rozilik. Norozilik. Maʼqullash,Agreement. Disagreement. Approval
Успех. Удача. Поражение,Muvaffaqiyat. Omad. Magʻlubiyat,Success. Luck. Failure
Обиды. Ссора. Негативные эмоции,Xafagarchilik. Janjal. Salbiy hissiyotlar,Resentment. Quarrels. Negative emotions
Болезни,Kasalliklar,Diseases
Симптомы болезней. Лечение - 1,Kasallik alomatlari. Davolash — 1,Symptoms. Treatment — 1
Симптомы болезней. Лечение - 2,Kasallik alomatlari. Davolash — 2,Symptoms. Treatment — 2
Симптомы болезней. Лечение - 3,Kasallik alomatlari. Davolash — 3,Symptoms. Treatment — 3
Врачи,Shifokorlar,Doctors
Лекарства. Принадлежности,Dori-darmonlar. Tibbiy buyumlar,Medicines. Medical supplies
Курение. Табачные изделия,Chekish. Tamaki mahsulotlari,Smoking. Tobacco products
Город. Жизнь в городе,Shahar. Shahardagi hayot,City. City life
Городские учреждения,Shahar muassasalari,Urban institutions
Вывески. Указатели,Peshlavhalar. Koʻrsatkichlar,Signs. Signposts
Городской транспорт,Shahar transporti,Public transport
Достопримечательности,Diqqatga sazovor joylar,Sights
Покупки,Xaridlar,Shopping
Деньги,Pul,Money
Почта,Pochta,Post office
Дом. Жилище,Uy. Turar joy,House. Dwelling
Дом. Подъезд. Лифт,Uy. Podyezd. Lift,Building. Entrance. Elevator
Дом. Электричество,Uy. Elektr,House. Electricity
Дом. Дверь. Замок,Uy. Eshik. Qulf,House. Door. Lock
Загородный дом. Дом в деревне,Shahar tashqarisidagi uy. Qishloqdagi uy,Country house. Village house
Особняк. Вилла,Hashamatli uy. Villa,Mansion. Villa
Замок. Дворец,Qalʼa. Saroy,Castle. Palace
Квартира,Kvartira,Apartment
Квартира. Уборка,Kvartira. Tozalash,Apartment. Cleaning
Мебель. Интерьер,Mebel. Interyer,Furniture. Interior
Постельные принадлежности,Koʻrpa-toʻshak anjomlari,Bedding
Кухня,Oshxona,Kitchen
Ванная комната,Vannaxona,Bathroom
Бытовая техника,Maishiy texnika,Household appliances
Ремонт,Taʼmirlash,Renovation
Водопровод,Suv quvurlari,Plumbing
Пожар,Yongʻin,Fire
Офис. Работа в офисе,Ofis. Ofisdagi ish,Office. Office work
Работа. Бизнес-процессы - 1,Ish. Biznes jarayonlari — 1,Work. Business processes — 1
Работа. Бизнес-процессы - 2,Ish. Biznes jarayonlari — 2,Work. Business processes — 2
Производство,Ishlab chiqarish,Manufacturing
Контракт,Shartnoma,Contract
Импорт-Экспорт,Import-eksport,Import-export
Финансы,Moliya,Finance
Маркетинг,Marketing,Marketing
Реклама,Reklama,Advertising
Банк,Bank,Bank
Телефон. Общение по телефону,Telefon. Telefonda gaplashish,Telephone. Phone conversations
Телефон. Мобильный телефон,Telefon. Mobil telefon,Telephone. Mobile phone
Канцелярские принадлежности,Kanselyariya buyumlari,Stationery
Документы. Названия документов,Hujjatlar. Hujjat nomlari,Documents. Types of documents
Отрасли и виды бизнеса,Biznes sohalari va turlari,Industries and types of business
Выставка,Koʻrgazma,Exhibition
Средства массовой информации,Ommaviy axborot vositalari,Mass media
Сельское хозяйство,Qishloq xoʻjaligi,Agriculture
Стройка. Строительные работы,Qurilish. Qurilish ishlari,Construction. Construction work
Наука. Исследования. Учёные,Fan. Tadqiqotlar. Olimlar,Science. Research. Scientists
Поиск работы. Увольнение,Ish qidirish. Ishdan boʻshatish,Job search. Dismissal
Люди в среде бизнеса,Biznes olamidagi odamlar,People in business
Профессии в сфере услуг,Xizmat koʻrsatish sohasidagi kasblar,Service professions
Военные профессии. Звания,Harbiy kasblar. Unvonlar,Military professions. Ranks
Государственные и религиозные служащие,Davlat va diniy xizmatchilar,Civil servants and clergy
Профессии в сельском хозяйстве,Qishloq xoʻjaligidagi kasblar,Agricultural professions
Профессии в области искусства,Sanʼat sohasidagi kasblar,Professions in the arts
Профессии различные,Turli kasblar,Various professions
Занятия. Социальное положение,Mashgʻulotlar. Ijtimoiy holat,Occupations. Social status
Виды спорта. Спортсмены,Sport turlari. Sportchilar,Sports. Athletes
Виды спорта. Разное,Sport turlari. Har xil,Sports. Miscellaneous
Спортивный зал,Sport zali,Gym
Хоккей,Xokkey,Hockey
Футбол,Futbol,Soccer
Горные лыжи,Togʻ changʻisi,Alpine skiing
Теннис. Гольф,Tennis. Golf,Tennis. Golf
Шахматы,Shaxmat,Chess
Бокс,Boks,Boxing
Спорт. Разное,Sport. Har xil,Sport. Miscellaneous
Школа,Maktab,School
Высшее учебное заведение,Oliy taʼlim muassasasi,Higher education
Названия наук и дисциплин,Fanlar va oʻquv predmetlari nomlari,Sciences and academic subjects
Письмо. Части речи. Орфография,Yozuv. Soʻz turkumlari. Imlo,Writing. Parts of speech. Spelling
Изучение иностранных языков,Chet tillarini oʻrganish,Learning foreign languages
Сказочные персонажи,Ertak qahramonlari,Fairy-tale characters
Знаки зодиака,Burjlar,Zodiac signs
Театр,Teatr,Theater
Кино,Kino,Cinema
Изобразительное искусство,Tasviriy sanʼat,Fine arts
Литература. Поэзия,Adabiyot. Sheʼriyat,Literature. Poetry
Цирк,Sirk,Circus
Музыка. Эстрада,Musiqa. Estrada,Music. Pop music
Турпоездка,Turistik sayohat,Tourist trips
Гостиница,Mehmonxona,Hotel
Книга. Чтение,Kitob. Oʻqish,Books. Reading
Охота. Рыбалка,Ov. Baliq ovi,Hunting. Fishing
Игры. Бильярд,Oʻyinlar. Bilyard,Games. Billiards
Игры. Карты,Oʻyinlar. Karta oʻyinlari,Games. Cards
Казино,Kazino,Casino
Отдых. Игры. Разное,Dam olish. Oʻyinlar. Har xil,Leisure. Games. Miscellaneous
Фотография,Fotografiya,Photography
Пляж,Plyaj,Beach
Компьютер,Kompyuter,Computer
Интернет. E-mail,Internet. Elektron pochta,Internet. E-mail
Электричество,Elektr,Electricity
Инструменты,Asboblar,Tools
Самолёт,Samolyot,Airplane
Поезд,Poyezd,Train
Корабль,Kema,Ship
Аэропорт,Aeroport,Airport
Велосипед. Мотоцикл,Velosiped. Mototsikl,Bicycle. Motorcycle
Автомобиль. Виды,Avtomobil. Turlari,Car. Types
Автомобиль. Кузов,Avtomobil. Kuzov,Car. Body
Автомобиль. Салон,Avtomobil. Salon,Car. Interior
Автомобиль. Двигатель,Avtomobil. Dvigatel,Car. Engine
Автомобиль. Авария. Ремонт,Avtomobil. Avariya. Taʼmirlash,Car. Accident. Repair
Автомобиль. Дорога,Avtomobil. Yoʻl,Car. Road
Знаки дорожные,Yoʻl belgilari,Road signs
Праздник. Событие,Bayram. Tadbir,Holiday. Event
Похороны,Dafn marosimi,Funeral
Война. Люди,Urush. Odamlar,War. People
Война. Военные действия - 1,Urush. Harbiy harakatlar — 1,War. Military operations — 1
Война. Военные действия - 2,Urush. Harbiy harakatlar — 2,War. Military operations — 2
Оружие,Qurol-yarogʻ,Weapons
Первобытные люди,Ibtidoiy odamlar,Prehistoric people
Средние века,Oʻrta asrlar,Middle Ages
Правитель. Шеф. Руководитель,Hukmdor. Boshliq. Rahbar,Ruler. Chief. Leader
Дорога. Путь,Yoʻl. Yoʻnalish,Road. Way
Нарушения закона. Преступники - 1,Huquqbuzarliklar. Jinoyatchilar — 1,Law violations. Criminals — 1
Нарушения закона. Преступники - 2,Huquqbuzarliklar. Jinoyatchilar — 2,Law violations. Criminals — 2
Полиция. Закон - 1,Politsiya. Qonun — 1,Police. Law — 1
Полиция. Закон - 2,Politsiya. Qonun — 2,Police. Law — 2
Космос,Koinot,Outer space
Планета Земля,Yer sayyorasi,Planet Earth
Части света,Dunyo qismlari,Parts of the world
Море. Океан,Dengiz. Okean,Sea. Ocean
Названия морей и океанов,Dengiz va okeanlar nomlari,Names of seas and oceans
Горы,Togʻlar,Mountains
Названия гор,Togʻlar nomlari,Names of mountains
Река,Daryo,River
Названия рек,Daryolar nomlari,Names of rivers
Лес,Oʻrmon,Forest
Природные ресурсы,Tabiiy resurslar,Natural resources
Погода,Ob-havo,Weather
Стихия,Tabiiy ofatlar,Natural disasters
Шумы. Звуки,Shovqinlar. Tovushlar,Noises. Sounds
Зима,Qish,Winter
Млекопитающие. Хищники,Sut emizuvchilar. Yirtqichlar,Mammals. Predators
Дикие животные,Yovvoyi hayvonlar,Wild animals
Домашние животные,Uy hayvonlari,Domestic animals
Собака. Породы,It. Zotlar,Dogs. Breeds
"Звуки, издаваемые животными",Hayvonlar chiqaradigan tovushlar,Animal sounds
Детёныши животных и птиц,Hayvon va qush bolalari,Young animals and birds
Птицы,Qushlar,Birds
Птицы. Пение. Звуки,Qushlar. Sayrash. Tovushlar,Birds. Singing. Sounds
Рыбы. Морские животные,Baliqlar. Dengiz hayvonlari,Fish. Marine animals
Земноводные. Пресмыкающиеся,Suvda hamda quruqlikda yashovchilar. Sudralib yuruvchilar,Amphibians. Reptiles
Насекомые. Беспозвоночные,Hasharotlar. Umurtqasizlar,Insects. Invertebrates
Животные. Части тела,Hayvonlar. Tana qismlari,Animals. Body parts
Животные. Действия,Hayvonlar. Harakatlar,Animals. Actions
Животные. Среда обитания,Hayvonlar. Yashash muhiti,Animals. Habitats
Уход за животными,Hayvonlarni parvarishlash,Animal care
Животные. Разное,Hayvonlar. Har xil,Animals. Miscellaneous
Лошадь,Ot,Horse
Деревья,Daraxtlar,Trees
Кустарники,Butalar,Shrubs
Грибы,Qoʻziqorinlar,Mushrooms
Фрукты. Ягоды,Mevalar. Rezavorlar,Fruits. Berries
Цветы. Растения,Gullar. Oʻsimliklar,Flowers. Plants
Зерновые,Donli ekinlar,Cereals
Овощи. Зелень,Sabzavotlar. Koʻkatlar,Vegetables. Greens
Западная Европа,Gʻarbiy Yevropa,Western Europe
Центральная и Восточная Европа,Markaziy va Sharqiy Yevropa,Central and Eastern Europe
Страны СНГ,MDH mamlakatlari,CIS countries
Азия,Osiyo,Asia
Северная Америка,Shimoliy Amerika,North America
Центральная и Южная Америка,Markaziy va Janubiy Amerika,Central and South America
Африка,Afrika,Africa
Австралия и Океания,Avstraliya va Okeaniya,Australia and Oceania
Города,Shaharlar,Cities
Политика. Правительство - 1,Siyosat. Hukumat — 1,Politics. Government — 1
Политика. Правительство - 2,Siyosat. Hukumat — 2,Politics. Government — 2
Страны. Разное,Mamlakatlar. Har xil,Countries. Miscellaneous
Мировые религии. Конфессии,Jahon dinlari. Konfessiyalar,World religions. Denominations
Религии. Люди,Dinlar. Odamlar,Religions. People
Вера. Христианство. Ислам,Eʼtiqod. Xristianlik. Islom,Faith. Christianity. Islam
Термины общего характера,Umumiy atamalar,General terms
Определения А-Н,Sifatlar (А–Н),Adjectives (А–Н)
Определения О-Я,Sifatlar (О–Я),Adjectives (О–Я)
Глаголы А-Е,Feʼllar (А–Е),Verbs (А–Е)
Глаголы Ж-М,Feʼllar (Ж–М),Verbs (Ж–М)
Глаголы Н-О,Feʼllar (Н–О),Verbs (Н–О)
Глаголы П,Feʼllar (П),Verbs (П)
Глаголы Р-Т,Feʼllar (Р–Т),Verbs (Р–Т)
Глаголы У-Я,Feʼllar (У–Я),Verbs (У–Я)
вопросительные слова,Soʻroq soʻzlari,Question words
Разговорная речь. Приветствия и прощания,Soʻzlashuv nutqi. Salomlashish va xayrlashish,Spoken: greetings and farewells
Разговорная речь. Вежливость и просьбы,Soʻzlashuv nutqi. Xushmuomalalik va iltimoslar,Spoken: politeness and requests
"Разговорная речь. Согласие, отказ, сомнение","Soʻzlashuv nutqi. Rozilik, rad etish, shubha","Spoken: agreement, refusal, doubt"
Разговорная речь. Эмоции и реакции,Soʻzlashuv nutqi. Hissiyotlar va munosabat,Spoken: emotions and reactions
Разговорная речь. Обращения к людям,Soʻzlashuv nutqi. Odamlarga murojaat,Spoken: addressing people
Разговорная речь. Телефон и мессенджеры,Soʻzlashuv nutqi. Telefon va messenjerlar,Spoken: phone and messengers
Разговорная речь. В гостях и за столом,Soʻzlashuv nutqi. Mehmonda va dasturxon atrofida,Spoken: visiting and at the table
Разговорная речь. Соседи и махалля,Soʻzlashuv nutqi. Qoʻshnilar va mahalla,Spoken: neighbors and the mahalla
Разговорная речь. Базар и магазин,Soʻzlashuv nutqi. Bozor va doʻkon,Spoken: bazaar and shop
Разговорная речь. Такси и транспорт,Soʻzlashuv nutqi. Taksi va transport,Spoken: taxi and transport
"Разговорная речь. Кафе, чайхана, еда","Soʻzlashuv nutqi. Kafe, choyxona, ovqat","Spoken: café, teahouse, food"
Разговорная речь. Работа и учёба,Soʻzlashuv nutqi. Ish va oʻqish,Spoken: work and study
Разговорная речь. Деньги и цены,Soʻzlashuv nutqi. Pul va narxlar,Spoken: money and prices
Разговорная речь. Время и планы,Soʻzlashuv nutqi. Vaqt va rejalar,Spoken: time and plans
Разговорная речь. Молодёжный сленг,Soʻzlashuv nutqi. Yoshlar slengi,Spoken: youth slang
Разговорная речь. Ташкентские разговорные формы глаголов,Soʻzlashuv nutqi. Toshkentcha soʻzlashuv feʼl shakllari,Spoken: Tashkent colloquial verb forms
