word_id,field,old,new,note
26,uz,Tashakkur bildirishga,Arzimaydi,
52,uz,to,toʻrt,
57,uz,to,toʻqqiz,
82,uz,to,toʻqson,
83,uz,to,toʻqson bir,
84,uz,to,toʻqson ikki,
85,uz,to,toʻqson uch,
89,uz,to,toʻrt yuz,
94,uz,to,toʻqqiz yuz,
198,ru,мочь,"справиться, суметь",
279,ru,стоить,стоить (того),
362,ru,около),"около, рядом",
391,ru,изнутри,внутри,
394,ru,обратно,в противоположную сторону,
439,off,taxminan,,повреждённая/неверная запись — слово отключено
441,ru,приблизительный,приблизительно,
480,ru,дня назад,2 дня назад,
489,ru,раза в неделю,2 раза в неделю,
493,uz,choshgoh,tush payti,
526,uz,har oʻ besh daqiqada,har oʻn besh daqiqada,
547,uz,kuzgda,kuzda,
564,ru,раза в месяц,2 раза в месяц,
577,uz,yiliga to,yiliga toʻrt marta,
577,ru,раза в год,4 раза в год,
616,ru,проснуться),рано,
617,ru,встать),поздно,
727,ru,контур,форма,
806,uz,taxta,yogʻoch,
838,uz,temr,temir,
852,uz,qalayi,qalay,
909,uz,yuz,yonoq,
940,off,bilak,,повреждённая/неверная запись — слово отключено
1034,uz,qoshiq,poyabzal qoshigʻi,
1180,off,ilvasin,,повреждённая/неверная запись — слово отключено
1315,ru,бобы,бобовые,
1379,uz,quruq qaynatma shoʻrva,qaynatma shoʻrva,
1454,off,qo,,повреждённая/неверная запись — слово отключено
1473,uz,qoʻl sochiq,salfetka,
1575,uz,yoʻlovchi,yoʻldosh,
1722,ru,счастливый,удачливый,
1735,ru,энтузиазм,инициатива,
1736,ru,энтузиаст,инициатор,
1737,ru,проявить энтузиазм,проявить инициативу,
1745,off,uddalamoq,,повреждённая/неверная запись — слово отключено
1788,uz,ochkoʻzlik,ochkoʻz,
1877,uz,tovush,ovoz,
1878,ru,комплимент,лесть,
1879,ru,любезный,любезность,
1891,ru,в письме),уважаемый (в письме),
1932,uz,koʻngil qolishi,koʻngli qolmoq,
1997,uz,yutuq,omad,
2056,uz,ruhiy taʼsirlanmoq,ruhiy zarba,
2056,ru,шок,шок,
2057,ru,шокировать,смутить,
2068,uz,koʻz tomchisi,koʻz yoshi,
2104,uz,mioakard infarkti,miokard infarkti,
2122,uz,appendetsin,appenditsit,
2135,uz,parishonxotir skleroz,tarqoq skleroz,
2169,ru,хромать,хромота,
2171,off,chiqarmoq,,повреждённая/неверная запись — слово отключено
2172,uz,sindirish,sinish,
2210,uz,ahmoqona,aqldan ozgan,
2243,uz,sogʻayish,sogʻaymoq,
2302,ru,прикурить,начать курить,
2315,uz,shaharning,shahar chekkasi,
2326,uz,yoʻlovchi,piyoda,
2443,uz,BOʻSH OʻRINLAR YOQ,BOʻSH OʻRINLAR YOʻQ,
2466,ru,автобуса),остановка (автобуса),
2486,uz,yoʻlda mashinalarning,tirbandlik,
2488,uz,joylashtirmoq,mashinani qoʻymoq,
2499,ru,мок,замок,
2541,uz,narxga ega boʻlmoq,turmoq,
2551,ru,в кредит,взять в кредит,
2586,ru,квартиру),снимать (квартиру),
2714,uz,poliz,tomorqa,
2776,uz,yig,yigʻishtirmoq,
2776,ru,квартиру),убирать (квартиру),
2777,ru,убирать (в шкаф и т.п.),уносить,
2782,uz,changyutgich bilan,changyutgich bilan tozalamoq,
2813,off,darparda,,повреждённая/неверная запись — слово отключено
2836,uz,idish-tovoq,idish yuvish mashinasi,
2912,uz,DVD DVD proigrivateli,DVD pleyer,
2941,uz,ohaklash,ohaklamoq,
2988,uz,oʻt oʻchiruvchilarni,oʻt oʻchiruvchilarni chaqirmoq,
3089,uz,tarmogʻi,tarmoq,
3122,uz,patentlash,patentlamoq,
3136,uz,sugʻurta qilish,sugʻurta qilmoq,
3193,uz,tranportda tashimoq,transportda tashimoq,
3237,off,kontrabanda mollarini,,повреждённая/неверная запись — слово отключено
3250,off,sarmoyadan kelgan,,повреждённая/неверная запись — слово отключено
3312,uz,shchit,reklama shchiti,
3318,uz,hisob-raqam soni,hisob raqami,
3335,uz,kredit kartasining,kredit karta raqami,
3341,uz,kredit olish uchun,kredit olish uchun murojaat qilmoq,
3373,ru,карта,SIM-карта,
3415,off,rasmiy maʼlumot,,повреждённая/неверная запись — слово отключено
3416,uz,to,toʻldirmoq,
3416,ru,анкету),заполнять (анкету),
3446,uz,tasdiqlash,guvohnoma,
3525,uz,tashkiliy qumita direktsiyasi,tashkiliy qoʻmita direksiyasi,
3543,uz,zaxira qilib qo,zaxira qilib qoʻymoq,
3543,ru,стенд),бронировать (стенд),
3548,uz,jolashmoq,joylashmoq,
3581,uz,gazetxon,kitobxon,
3600,uz,toʻgʻridan-toʻgʻri,jonli efir,
3615,uz,oʻroq,chalgʻi,
3616,uz,oʻramoq,oʻrmoq,
3680,ru,котлован),копать (котлован),
3723,uz,erishiladigan mavqe,martaba,
3736,off,doira,,повреждённая/неверная запись — слово отключено
3978,uz,narkotik moddalarni,narkotik sotuvchi,
4067,uz,xokkey oʻnamoq,xokkey oʻynamoq,
4078,ru,й период,2-й период,
4102,ru,й тайм,1-й тайм,
4109,uz,oʻtkazib yubormoq,gol oʻtkazib yubormoq,
4300,ru,отсутствовать,не участвовать,
4321,off,ta,,повреждённая/неверная запись — слово отключено
4322,off,ta,,повреждённая/неверная запись — слово отключено
4415,ru,иностранный,иностранный язык,
4431,ru,самоучитель,самостоятельное изучение,
4441,uz,aktsentsiz,aktsent bilan,
4442,uz,aktsent bilan,aktsentsiz,
4463,uz,mo,moʻjiza,
4533,uz,dovrugʻi ketgan kinofilm,jangari film,
4682,uz,puflab chalinadigan,puflab chalinadigan cholgʻular,
4689,uz,doʻmbira,nogʻora,
4747,ru,звезды,3 звезды,
4748,ru,звёзд,5 звёзд,
4789,off,chiqdi,,повреждённая/неверная запись — слово отключено
4921,uz,bogʻ sayri,piknik,
4973,off,choʻlga oʻxshagan,,повреждённая/неверная запись — слово отключено
5006,ru,матрас),надувной (матрас),
5021,uz,gilamcha,sichqoncha gilamchasi,
5027,off,qattiq disk,,повреждённая/неверная запись — слово отключено
5101,uz,chiroqni yoqmoq,chiroqni oʻchirmoq,
5161,uz,oʻlchash,oʻlchamoq,
5163,uz,koʻrsatish,koʻrsatkich,
5183,uz,ikki yoqqa ochiladigan,ikki tomonlama narvon,
5221,uz,instruktsiya,xavfsizlik boʻyicha yoʻriqnoma,
5272,uz,poedga oʻtirmoq,poezdga oʻtirmoq,
5561,off,ifloslanmoq,,повреждённая/неверная запись — слово отключено
5584,uz,garaj,avtoservis,
5605,ru,превысить скорость,увеличить скорость,
5614,ru,правила дорожного,правила дорожного движения,
5645,uz,Rojdestvo archasi,Yangi yil archasi,
5681,uz,butxona,kichik cherkov,
5747,uz,eʼlon qilish,urush eʼlon qilish,
5777,off,bomba yogʻdirmoq,,повреждённая/неверная запись — слово отключено
5936,uz,yoʻq boʻlib ketmoq,yoʻq boʻlib ketish,
6024,ru,делегации),руководитель (делегации),
6025,ru,власти,власть,
6124,uz,kontrabanda bilan,kontrabandachi,
6169,uz,zoʻrlash,zoʻravonlik,
6351,uz,sharqga,sharqqa,
6412,uz,oʻlik dengiz,Oʻlik dengiz,
6413,uz,oʻrta er dengizi,Oʻrta Yer dengizi,
6478,uz,hovuz,daryo havzasi,
6479,off,qo,,повреждённая/неверная запись — слово отключено
6487,uz,daryoning toshishi,toshmoq,
6576,uz,neft minorasi,neft qudugʻi,
6615,uz,oʻtirmoq,botmoq,
6615,ru,сесть,садиться (о солнце),
6820,off,oʻrdak,,повреждённая/неверная запись — слово отключено
6860,uz,maʼramoq,moʻramoq,
7065,uz,toʻqimoq,in qurmoq,
7159,off,yoʻrttirib choptirmoq,,повреждённая/неверная запись — слово отключено
7219,uz,esa boʻladigan qoʻziqorin,yesa boʻladigan qoʻziqorin,
7282,off,boʻtakoʻz,,повреждённая/неверная запись — слово отключено
7520,uz,kirgʻiz,qirgʻiz,
7539,uz,oʻzbekiston,Oʻzbekiston,
7578,uz,moʻgʻulllarga oid,moʻgʻullarga oid,
7618,uz,Birlashgan Arab,Birlashgan Arab Amirliklari,
7618,ru,Объединённые,Объединённые Арабские Эмираты,
7619,off,Amirliklari,,повреждённая/неверная запись — слово отключено
7623,uz,Shimoliy koreya,Shimoliy Koreya,
7883,uz,maydon,hudud,
7907,uz,xistianlarga oid,xristianlarga oid,
8010,uz,erkaklar monastiri,ayollar monastiri,
8011,uz,ayollar monastiri,erkaklar monastiri,
8017,uz,but,ikona,
8085,uz,bir xillik,tasodif,
8192,ru,текст),непонятный (текст),
8209,uz,asosiy rang,asosiy,
8245,off,bo,,повреждённая/неверная запись — слово отключено
8248,ru,редкий,редкий (негустой),
8284,uz,qoniqarli,qoniqqan,
8289,uz,toliqqan,toliqtiradigan,
8377,ru,полюса),достичь (полюса),
8408,ru,гриппом),заразить (гриппом),
8437,ru,из школы),исключить (из школы),
8448,off,jalb etilmoq,,повреждённая/неверная запись — слово отключено
8479,ru,медалью),наградить (медалью),
8521,ru,фразу),пропустить (фразу),
8537,ru,дверь),открывать (дверь),
8558,uz,harakatlanmoq,koʻchirmoq,
8568,ru,направо),поворачивать (направо),
8623,ru,продвигаться (о работе),получить повышение,
8640,ru,насекомое),раздавить (насекомое),
8648,off,tarqatmoq,,повреждённая/неверная запись — слово отключено
8651,uz,ko,koʻrib chiqmoq,
8651,ru,вопрос),рассматривать (вопрос),
8683,ru,новость),сообщать (новость),
8685,ru,список),составлять (список),
8688,ru,мир),сохранять (мир),
8703,ru,деньги),считать (деньги),
8732,ru,от чего-л.),удерживать (от чего-л.),
8748,ru,улики),уничтожать (улики),
8756,ru,вечеринку),организовать (вечеринку),
8758,off,bahridan oʻtmoq,,повреждённая/неверная запись — слово отключено
55,uz,etti,yetti,"современная орфография: yetti, yetmish"
74,uz,etmish,yetmish,"современная орфография: yetti, yetmish"
75,uz,etmish bir,yetmish bir,"современная орфография: yetti, yetmish"
76,uz,etmish ikki,yetmish ikki,"современная орфография: yetti, yetmish"
77,uz,etmish uch,yetmish uch,"современная орфография: yetti, yetmish"
92,uz,etti yuz,yetti yuz,"современная орфография: yetti, yetmish"
107,uz,ettinchi,yettinchi,"современная орфография: yetti, yetmish"
1436,uz,emoq,yemoq,современная орфография: yemoq
8456,uz,emoq,yemoq,современная орфография: yemoq
